destination,country,description,activities,best_season,budget_level,travel_style
Banff,Canada,"A mountain town surrounded by turquoise lakes, forests, and dramatic peaks.",hiking; canoeing; wildlife viewing; skiing,summer or winter,high,adventure; nature
Lisbon,Portugal,"A sunny coastal city with historic streets, viewpoints, tiled buildings, and affordable food.",walking tours; museums; food tasting; beaches,spring or fall,medium,culture; food; city
Kyoto,Japan,"A historic city known for temples, gardens, traditional neighborhoods, and seasonal scenery.",temple visits; gardens; cultural tours; food,spring or fall,medium,culture; history; relaxing
Reykjavik,Iceland,"A small northern capital that provides access to waterfalls, volcanoes, glaciers, and geothermal pools.",road trips; hot springs; hiking; northern lights,summer or winter,high,adventure; nature
Bali,Indonesia,"A tropical island with beaches, rice terraces, temples, wellness retreats, and lively towns.",surfing; yoga; temple visits; hiking,dry season,low,relaxing; adventure; culture
Paris,France,"A major European city famous for museums, architecture, cafés, fashion, and historic landmarks.",museums; dining; shopping; sightseeing,spring or fall,high,culture; romance; city
Costa Rica,Costa Rica,"A nature-focused destination with rainforests, beaches, volcanoes, and rich wildlife.",zip-lining; hiking; surfing; wildlife viewing,dry season,medium,adventure; nature
New York City,United States,"A fast-paced city with famous landmarks, diverse neighborhoods, theatre, museums, and food.",theatre; museums; shopping; food tours,spring or fall,high,city; entertainment; food
Marrakesh,Morocco,"A colourful historic city with markets, gardens, traditional architecture, and North African cuisine.",market visits; food tours; gardens; day trips,spring or fall,medium,culture; food; history
Queenstown,New Zealand,"A lakeside mountain town known for outdoor sports, scenery, hiking, and adventure activities.",hiking; skiing; boating; adventure sports,summer or winter,high,adventure; nature
Barcelona,Spain,"A Mediterranean city with beaches, unusual architecture, markets, nightlife, and art.",beaches; architecture tours; food; museums,spring or fall,medium,city; culture; food
Prague,Czech Republic,"A walkable historic city with castles, bridges, medieval streets, and relatively affordable travel.",sightseeing; castles; museums; walking tours,spring or fall,low,history; city; budget
Cape Town,South Africa,"A scenic coastal destination offering ocean views, local culture, fresh food, and relaxed outdoor experiences.",coastal walks; local dining; boat trips; food tasting,spring or summer,medium,relaxing; culture
Johannesburg,South Africa,"A lively urban destination known for local neighbourhoods, cultural attractions, dining, and opportunities to explore South Africa.",walking tours; museums; local dining; cultural tours,spring or fall,medium,city; culture
Durban,South Africa,"A beach-focused destination with warm-water activities, coastal scenery, and time for relaxation.",swimming; beach walks; water activities; food tasting,dry season or summer,medium,relaxing; nature
Kruger National Park,South Africa,"A wildlife destination known for safari experiences, natural landscapes, and opportunities to observe animals responsibly.",guided safaris; wildlife viewing; photography,dry season,medium,adventure; nature
Garden Route,South Africa,"A scenic coastal destination offering ocean views, local culture, fresh food, and relaxed outdoor experiences.",coastal walks; local dining; boat trips,spring or summer,medium,relaxing; culture
Stellenbosch,South Africa,"A destination well suited to travellers interested in regional cuisine, markets, cafés, and local culture.",food tours; markets; local restaurants; relaxation,year-round,medium,food; culture
Drakensberg,South Africa,"A mountain destination with dramatic scenery, outdoor activities, and rewarding viewpoints.",hiking; viewpoints; nature photography,spring through fall,medium,adventure; nature
Addis Ababa,Ethiopia,"A lively urban destination known for local neighbourhoods, cultural attractions, dining, and opportunities to explore Ethiopia.",walking tours; museums; local dining; food tasting,spring or fall,low,city; culture
Lalibela,Ethiopia,"A historically rich destination with important landmarks, architecture, museums, and cultural traditions.",historic sites; museums; guided tours; cultural tours,spring or fall,low,history; culture
Simien Mountains,Ethiopia,"A mountain destination with dramatic scenery, outdoor activities, and rewarding viewpoints.",hiking; viewpoints; nature photography; wildlife viewing,dry season,low,adventure; nature
Nairobi,Kenya,"A lively urban destination known for local neighbourhoods, cultural attractions, dining, and opportunities to explore Kenya.",walking tours; museums; local dining; cultural tours,dry season,medium,city; culture
Maasai Mara,Kenya,"A wildlife destination known for safari experiences, natural landscapes, and opportunities to observe animals responsibly.",guided safaris; wildlife viewing; photography,dry season,medium,adventure; nature
Mombasa,Kenya,"A beach-focused destination with warm-water activities, coastal scenery, and time for relaxation.",swimming; beach walks; water activities; food tasting,dry season or summer,medium,relaxing; nature
Lamu,Kenya,"A scenic coastal destination offering ocean views, local culture, fresh food, and relaxed outdoor experiences.",coastal walks; local dining; boat trips; relaxation,spring or summer,medium,relaxing; culture
Amboseli National Park,Kenya,"A wildlife destination known for safari experiences, natural landscapes, and opportunities to observe animals responsibly.",guided safaris; wildlife viewing; photography,dry season,medium,adventure; nature
Zanzibar,Tanzania,"A beach-focused destination with warm-water activities, coastal scenery, and time for relaxation.",swimming; beach walks; water activities; cultural tours,dry season or summer,medium,relaxing; nature
Serengeti National Park,Tanzania,"A wildlife destination known for safari experiences, natural landscapes, and opportunities to observe animals responsibly.",guided safaris; wildlife viewing; photography,dry season,medium,adventure; nature
Ngorongoro Crater,Tanzania,"A wildlife destination known for safari experiences, natural landscapes, and opportunities to observe animals responsibly.",guided safaris; wildlife viewing; photography; scenic viewpoints,dry season,medium,adventure; nature
Mount Kilimanjaro,Tanzania,"A mountain destination with dramatic scenery, outdoor activities, and rewarding viewpoints.",hiking; viewpoints; nature photography,spring through fall,medium,adventure; nature
Dar es Salaam,Tanzania,"A scenic coastal destination offering ocean views, local culture, fresh food, and relaxed outdoor experiences.",coastal walks; local dining; boat trips; food tasting,spring or summer,medium,relaxing; culture
Kigali,Rwanda,"A lively urban destination known for local neighbourhoods, cultural attractions, dining, and opportunities to explore Rwanda.",walking tours; museums; local dining; cultural tours,spring or fall,medium,city; culture
Volcanoes National Park,Rwanda,A nature destination with strong wildlife-viewing opportunities and varied outdoor experiences.,wildlife viewing; guided walks; photography; hiking,dry season,medium,nature; adventure
Bwindi Impenetrable Forest,Uganda,A nature destination with strong wildlife-viewing opportunities and varied outdoor experiences.,wildlife viewing; guided walks; photography; hiking,dry season,low,nature; adventure
Kampala,Uganda,"A lively urban destination known for local neighbourhoods, cultural attractions, dining, and opportunities to explore Uganda.",walking tours; museums; local dining; cultural tours,spring or fall,low,city; culture
Jinja,Uganda,"An active-travel destination offering outdoor challenges, scenic landscapes, and memorable excursions.",hiking; guided excursions; outdoor sports; river excursions,year-round,low,adventure; nature
Victoria Falls,Zambia,"A varied travel destination in Zambia offering culture, scenery, local food, and memorable activities.",sightseeing; local food; cultural tours,year-round,medium,culture; sightseeing
South Luangwa National Park,Zambia,"A wildlife destination known for safari experiences, natural landscapes, and opportunities to observe animals responsibly.",guided safaris; wildlife viewing; photography,dry season,medium,adventure; nature
Livingstone,Zambia,"An active-travel destination offering outdoor challenges, scenic landscapes, and memorable excursions.",hiking; guided excursions; outdoor sports,spring or fall,medium,adventure; nature
Harare,Zimbabwe,"A lively urban destination known for local neighbourhoods, cultural attractions, dining, and opportunities to explore Zimbabwe.",walking tours; museums; local dining; cultural tours,spring or fall,medium,city; culture
Hwange National Park,Zimbabwe,"A wildlife destination known for safari experiences, natural landscapes, and opportunities to observe animals responsibly.",guided safaris; wildlife viewing; photography,dry season,medium,adventure; nature
Great Zimbabwe,Zimbabwe,"A historically rich destination with important landmarks, architecture, museums, and cultural traditions.",historic sites; museums; guided tours; cultural tours,spring or fall,medium,history; culture
Chobe National Park,Botswana,"A wildlife destination known for safari experiences, natural landscapes, and opportunities to observe animals responsibly.",guided safaris; wildlife viewing; photography; river excursions,dry season,medium,adventure; nature
Okavango Delta,Botswana,A nature destination with strong wildlife-viewing opportunities and varied outdoor experiences.,wildlife viewing; guided walks; photography,dry season,medium,nature; adventure
Gaborone,Botswana,"A lively urban destination known for local neighbourhoods, cultural attractions, dining, and opportunities to explore Botswana.",walking tours; museums; local dining; cultural tours,spring or fall,medium,city; culture
Sossusvlei,Namibia,"A striking desert destination with wide-open landscapes, cultural experiences, and memorable sunsets.",desert tours; stargazing; photography,fall or winter,medium,adventure; culture
Etosha National Park,Namibia,"A wildlife destination known for safari experiences, natural landscapes, and opportunities to observe animals responsibly.",guided safaris; wildlife viewing; photography,dry season,medium,adventure; nature
Swakopmund,Namibia,"A scenic coastal destination offering ocean views, local culture, fresh food, and relaxed outdoor experiences.",coastal walks; local dining; boat trips,fall or winter,medium,relaxing; culture
Windhoek,Namibia,"A lively urban destination known for local neighbourhoods, cultural attractions, dining, and opportunities to explore Namibia.",walking tours; museums; local dining; cultural tours,spring or fall,medium,city; culture
Maputo,Mozambique,"A scenic coastal destination offering ocean views, local culture, fresh food, and relaxed outdoor experiences.",coastal walks; local dining; boat trips; food tasting,spring or summer,medium,relaxing; culture
Bazaruto Archipelago,Mozambique,"A beach-focused destination with warm-water activities, coastal scenery, and time for relaxation.",swimming; beach walks; water activities; diving,dry season or summer,medium,relaxing; nature
Tofo,Mozambique,"A beach-focused destination with warm-water activities, coastal scenery, and time for relaxation.",swimming; beach walks; water activities; diving,dry season,medium,relaxing; nature
Antananarivo,Madagascar,"A lively urban destination known for local neighbourhoods, cultural attractions, dining, and opportunities to explore Madagascar.",walking tours; museums; local dining; cultural tours,spring or fall,low,city; culture
Nosy Be,Madagascar,"A beach-focused destination with warm-water activities, coastal scenery, and time for relaxation.",swimming; beach walks; water activities; diving,dry season or summer,low,relaxing; nature
Avenue of the Baobabs,Madagascar,"A nature-focused destination with distinctive landscapes, outdoor activities, and scenic exploration.",hiking; scenic drives; photography,year-round,low,nature; adventure
Andasibe-Mantadia,Madagascar,A nature destination with strong wildlife-viewing opportunities and varied outdoor experiences.,wildlife viewing; guided walks; photography; hiking,dry season,low,nature; adventure
Port Louis,Mauritius,"A lively urban destination known for local neighbourhoods, cultural attractions, dining, and opportunities to explore Mauritius.",walking tours; museums; local dining; food tasting,spring or fall,medium,city; culture
Le Morne,Mauritius,"A beach-focused destination with warm-water activities, coastal scenery, and time for relaxation.",swimming; beach walks; water activities; hiking,dry season or summer,medium,relaxing; nature
Black River Gorges,Mauritius,"A varied travel destination in Mauritius offering culture, scenery, local food, and memorable activities.",sightseeing; local food; cultural tours,spring through fall,medium,culture; sightseeing
Mahé,Seychelles,"A beach-focused destination with warm-water activities, coastal scenery, and time for relaxation.",swimming; beach walks; water activities; hiking,dry season or summer,high,relaxing; nature
Praslin,Seychelles,"A beach-focused destination with warm-water activities, coastal scenery, and time for relaxation.",swimming; beach walks; water activities; relaxation,dry season or summer,high,relaxing; nature
La Digue,Seychelles,"A beach-focused destination with warm-water activities, coastal scenery, and time for relaxation.",swimming; beach walks; water activities; cycling,dry season or summer,high,relaxing; nature
Cairo,Egypt,"A historically rich destination with important landmarks, architecture, museums, and cultural traditions.",historic sites; museums; guided tours; museum visits,spring or fall,low,history; culture
Luxor,Egypt,"A historically rich destination with important landmarks, architecture, museums, and cultural traditions.",historic sites; museums; guided tours; river excursions,spring or fall,low,history; culture
Aswan,Egypt,"A historically rich destination with important landmarks, architecture, museums, and cultural traditions.",historic sites; museums; guided tours; river excursions,spring or fall,low,history; culture
Alexandria,Egypt,"A scenic coastal destination offering ocean views, local culture, fresh food, and relaxed outdoor experiences.",coastal walks; local dining; boat trips; food tasting,spring or summer,low,relaxing; culture
Siwa Oasis,Egypt,"A striking desert destination with wide-open landscapes, cultural experiences, and memorable sunsets.",desert tours; stargazing; photography; cultural tours,fall or winter,low,adventure; culture
Sharm El Sheikh,Egypt,"A beach-focused destination with warm-water activities, coastal scenery, and time for relaxation.",swimming; beach walks; water activities; diving,dry season or summer,low,relaxing; nature
Fez,Morocco,"A historically rich destination with important landmarks, architecture, museums, and cultural traditions.",historic sites; museums; guided tours; cultural tours,spring or fall,low,history; culture
Chefchaouen,Morocco,"A varied travel destination in Morocco offering culture, scenery, local food, and memorable activities.",sightseeing; local food; cultural tours; relaxation,year-round,low,culture; sightseeing
Essaouira,Morocco,"A scenic coastal destination offering ocean views, local culture, fresh food, and relaxed outdoor experiences.",coastal walks; local dining; boat trips; food tasting,spring or summer,low,relaxing; culture
Sahara Desert,Morocco,"A striking desert destination with wide-open landscapes, cultural experiences, and memorable sunsets.",desert tours; stargazing; photography; cultural tours,fall or winter,low,adventure; culture
Tunis,Tunisia,"A historically rich destination with important landmarks, architecture, museums, and cultural traditions.",historic sites; museums; guided tours; food tasting,spring or fall,low,history; culture
Sidi Bou Said,Tunisia,"A scenic coastal destination offering ocean views, local culture, fresh food, and relaxed outdoor experiences.",coastal walks; local dining; boat trips; photography,spring or summer,low,relaxing; culture
Carthage,Tunisia,"A historically rich destination with important landmarks, architecture, museums, and cultural traditions.",historic sites; museums; guided tours; cultural tours,spring or fall,low,history; culture
Djerba,Tunisia,"A beach-focused destination with warm-water activities, coastal scenery, and time for relaxation.",swimming; beach walks; water activities; cultural tours,dry season or summer,low,relaxing; nature
Algiers,Algeria,"A lively urban destination known for local neighbourhoods, cultural attractions, dining, and opportunities to explore Algeria.",walking tours; museums; local dining,spring or summer,medium,city; culture
Oran,Algeria,"A scenic coastal destination offering ocean views, local culture, fresh food, and relaxed outdoor experiences.",coastal walks; local dining; boat trips; live music,spring or summer,medium,relaxing; culture
Constantine,Algeria,"A historically rich destination with important landmarks, architecture, museums, and cultural traditions.",historic sites; museums; guided tours; scenic viewpoints,spring or fall,medium,history; culture
Accra,Ghana,"A lively urban destination known for local neighbourhoods, cultural attractions, dining, and opportunities to explore Ghana.",walking tours; museums; local dining; food tasting,spring or fall,low,city; culture
Cape Coast,Ghana,"A historically rich destination with important landmarks, architecture, museums, and cultural traditions.",historic sites; museums; guided tours; cultural tours,spring or summer,low,history; culture
London,United Kingdom,"A lively urban destination known for local neighbourhoods, cultural attractions, dining, and opportunities to explore United Kingdom.",walking tours; museums; local dining; museum visits,spring or fall,high,city; culture
Edinburgh,United Kingdom,"A historically rich destination with important landmarks, architecture, museums, and cultural traditions.",historic sites; museums; guided tours,spring or fall,high,history; culture
Scottish Highlands,United Kingdom,"A mountain destination with dramatic scenery, outdoor activities, and rewarding viewpoints.",hiking; viewpoints; nature photography,spring through fall,high,adventure; nature
Dublin,Ireland,"A lively urban destination known for local neighbourhoods, cultural attractions, dining, and opportunities to explore Ireland.",walking tours; museums; local dining; live music,spring or fall,medium,city; culture
Galway,Ireland,"A scenic coastal destination offering ocean views, local culture, fresh food, and relaxed outdoor experiences.",coastal walks; local dining; boat trips; live music,spring or summer,medium,relaxing; culture
Rome,Italy,"A historically rich destination with important landmarks, architecture, museums, and cultural traditions.",historic sites; museums; guided tours; food tasting,spring or fall,medium,history; culture
Florence,Italy,"A cultural destination with galleries, architecture, creative neighbourhoods, and local food.",galleries; architecture tours; museums; food tasting,spring or fall,medium,culture; city
Venice,Italy,"A picturesque destination shaped by waterways, historic streets, architecture, and relaxed sightseeing.",boat tours; walking tours; cafés,spring or fall,medium,culture; relaxing
Amalfi Coast,Italy,"A scenic coastal destination offering ocean views, local culture, fresh food, and relaxed outdoor experiences.",coastal walks; local dining; boat trips; food tasting,spring or summer,medium,relaxing; culture
Dolomites,Italy,"A mountain destination with dramatic scenery, outdoor activities, and rewarding viewpoints.",hiking; viewpoints; nature photography,spring through fall,medium,adventure; nature
Milan,Italy,"A varied travel destination in Italy offering culture, scenery, local food, and memorable activities.",sightseeing; local food; cultural tours,spring or fall,medium,culture; sightseeing
Madrid,Spain,"A cultural destination with galleries, architecture, creative neighbourhoods, and local food.",galleries; architecture tours; museums; food tasting,spring or fall,medium,culture; city
Seville,Spain,"A historically rich destination with important landmarks, architecture, museums, and cultural traditions.",historic sites; museums; guided tours; food tasting,spring or fall,medium,history; culture
Granada,Spain,"A historically rich destination with important landmarks, architecture, museums, and cultural traditions.",historic sites; museums; guided tours; cultural tours,spring or fall,medium,history; culture
Valencia,Spain,"A beach-focused destination with warm-water activities, coastal scenery, and time for relaxation.",swimming; beach walks; water activities; food tasting,dry season or summer,medium,relaxing; nature
Porto,Portugal,"A destination well suited to travellers interested in regional cuisine, markets, cafés, and local culture.",food tours; markets; local restaurants; river excursions,spring or fall,medium,food; culture
Madeira,Portugal,"A varied travel destination in Portugal offering culture, scenery, local food, and memorable activities.",sightseeing; local food; cultural tours,spring or summer,medium,culture; sightseeing
Azores,Portugal,"A nature-focused destination with distinctive landscapes, outdoor activities, and scenic exploration.",hiking; scenic drives; photography,spring through fall,medium,nature; adventure
Amsterdam,Netherlands,"A picturesque destination shaped by waterways, historic streets, architecture, and relaxed sightseeing.",boat tours; walking tours; cafés; museum visits,year-round,high,culture; relaxing
Rotterdam,Netherlands,"A varied travel destination in Netherlands offering culture, scenery, local food, and memorable activities.",sightseeing; local food; cultural tours; food tasting,spring or fall,high,culture; sightseeing
Bruges,Belgium,"A historically rich destination with important landmarks, architecture, museums, and cultural traditions.",historic sites; museums; guided tours; food tasting,spring or fall,medium,history; culture
Brussels,Belgium,"A destination well suited to travellers interested in regional cuisine, markets, cafés, and local culture.",food tours; markets; local restaurants; museum visits,spring or fall,medium,food; culture
Berlin,Germany,"A historically rich destination with important landmarks, architecture, museums, and cultural traditions.",historic sites; museums; guided tours; nightlife,spring or fall,medium,history; culture
Munich,Germany,"A destination well suited to travellers interested in regional cuisine, markets, cafés, and local culture.",food tours; markets; local restaurants; cultural tours,spring or fall,medium,food; culture
Black Forest,Germany,"A nature-focused destination with distinctive landscapes, outdoor activities, and scenic exploration.",hiking; scenic drives; photography,spring through fall,medium,nature; adventure
Vienna,Austria,"A varied travel destination in Austria offering culture, scenery, local food, and memorable activities.",sightseeing; local food; cultural tours,spring or fall,medium,culture; sightseeing
Salzburg,Austria,"A varied travel destination in Austria offering culture, scenery, local food, and memorable activities.",sightseeing; local food; cultural tours,spring through fall,medium,culture; sightseeing
Swiss Alps,Switzerland,"A mountain destination with dramatic scenery, outdoor activities, and rewarding viewpoints.",hiking; viewpoints; nature photography,winter,high,adventure; nature
Zurich,Switzerland,"A lively urban destination known for local neighbourhoods, cultural attractions, dining, and opportunities to explore Switzerland.",walking tours; museums; local dining; food tasting,spring or fall,high,city; culture
Interlaken,Switzerland,"A mountain destination with dramatic scenery, outdoor activities, and rewarding viewpoints.",hiking; viewpoints; nature photography,spring through fall,high,adventure; nature
Athens,Greece,"A historically rich destination with important landmarks, architecture, museums, and cultural traditions.",historic sites; museums; guided tours; food tasting,spring or fall,medium,history; culture
Santorini,Greece,"An island destination combining coastal scenery, local communities, water activities, and relaxed travel.",boat trips; beaches; snorkelling,year-round,medium,relaxing; nature
Crete,Greece,"A beach-focused destination with warm-water activities, coastal scenery, and time for relaxation.",swimming; beach walks; water activities; food tasting,dry season or summer,medium,relaxing; nature
Dubrovnik,Croatia,"A scenic coastal destination offering ocean views, local culture, fresh food, and relaxed outdoor experiences.",coastal walks; local dining; boat trips,spring or summer,medium,relaxing; culture
Split,Croatia,"A scenic coastal destination offering ocean views, local culture, fresh food, and relaxed outdoor experiences.",coastal walks; local dining; boat trips; food tasting,spring or summer,medium,relaxing; culture
Ljubljana,Slovenia,"A lively urban destination known for local neighbourhoods, cultural attractions, dining, and opportunities to explore Slovenia.",walking tours; museums; local dining; cultural tours,spring or fall,medium,city; culture
Lake Bled,Slovenia,"A varied travel destination in Slovenia offering culture, scenery, local food, and memorable activities.",sightseeing; local food; cultural tours; hiking,spring through fall,medium,culture; sightseeing
Budapest,Hungary,"A historically rich destination with important landmarks, architecture, museums, and cultural traditions.",historic sites; museums; guided tours,spring or fall,low,history; culture
Kraków,Poland,"A historically rich destination with important landmarks, architecture, museums, and cultural traditions.",historic sites; museums; guided tours; food tasting,spring or fall,low,history; culture
Warsaw,Poland,"A historically rich destination with important landmarks, architecture, museums, and cultural traditions.",historic sites; museums; guided tours; museum visits,spring or fall,low,history; culture
Copenhagen,Denmark,"A varied travel destination in Denmark offering culture, scenery, local food, and memorable activities.",sightseeing; local food; cultural tours; food tasting,year-round,high,culture; sightseeing
Stockholm,Sweden,"An island destination combining coastal scenery, local communities, water activities, and relaxed travel.",boat trips; beaches; snorkelling; museum visits,year-round,high,relaxing; nature
Oslo,Norway,"A lively urban destination known for local neighbourhoods, cultural attractions, dining, and opportunities to explore Norway.",walking tours; museums; local dining; museum visits,spring or fall,high,city; culture
Norwegian Fjords,Norway,"A nature-focused destination with distinctive landscapes, outdoor activities, and scenic exploration.",hiking; scenic drives; photography,spring through fall,high,nature; adventure
Helsinki,Finland,"A varied travel destination in Finland offering culture, scenery, local food, and memorable activities.",sightseeing; local food; cultural tours; food tasting,spring or fall,high,culture; sightseeing
Lapland,Finland,"A varied travel destination in Finland offering culture, scenery, local food, and memorable activities.",sightseeing; local food; cultural tours,winter,high,culture; sightseeing
Tallinn,Estonia,"A historically rich destination with important landmarks, architecture, museums, and cultural traditions.",historic sites; museums; guided tours,spring or fall,medium,history; culture
Riga,Latvia,"A varied travel destination in Latvia offering culture, scenery, local food, and memorable activities.",sightseeing; local food; cultural tours,spring or fall,medium,culture; sightseeing
Vilnius,Lithuania,"A historically rich destination with important landmarks, architecture, museums, and cultural traditions.",historic sites; museums; guided tours,spring or fall,medium,history; culture
Bucharest,Romania,"A lively urban destination known for local neighbourhoods, cultural attractions, dining, and opportunities to explore Romania.",walking tours; museums; local dining,spring or fall,low,city; culture
Tokyo,Japan,"A lively urban destination known for local neighbourhoods, cultural attractions, dining, and opportunities to explore Japan.",walking tours; museums; local dining; food tasting,spring or fall,medium,city; culture
Osaka,Japan,"A destination well suited to travellers interested in regional cuisine, markets, cafés, and local culture.",food tours; markets; local restaurants; nightlife,spring or fall,medium,food; culture
Nara,Japan,"A historically rich destination with important landmarks, architecture, museums, and cultural traditions.",historic sites; museums; guided tours,spring or fall,medium,history; culture
Hokkaido,Japan,"A nature-focused destination with distinctive landscapes, outdoor activities, and scenic exploration.",hiking; scenic drives; photography; food tasting,winter,medium,nature; adventure
Seoul,South Korea,"A lively urban destination known for local neighbourhoods, cultural attractions, dining, and opportunities to explore South Korea.",walking tours; museums; local dining; food tasting,spring or fall,medium,city; culture
Busan,South Korea,"A beach-focused destination with warm-water activities, coastal scenery, and time for relaxation.",swimming; beach walks; water activities; food tasting,dry season or summer,medium,relaxing; nature
Jeju Island,South Korea,"A nature-focused destination with distinctive landscapes, outdoor activities, and scenic exploration.",hiking; scenic drives; photography,spring or summer,medium,nature; adventure
Beijing,China,"A historically rich destination with important landmarks, architecture, museums, and cultural traditions.",historic sites; museums; guided tours; food tasting,spring or fall,medium,history; culture
Shanghai,China,"A lively urban destination known for local neighbourhoods, cultural attractions, dining, and opportunities to explore China.",walking tours; museums; local dining; food tasting,spring or fall,medium,city; culture
Xi'an,China,"A historically rich destination with important landmarks, architecture, museums, and cultural traditions.",historic sites; museums; guided tours; food tasting,spring or fall,medium,history; culture
Guilin,China,"A varied travel destination in China offering culture, scenery, local food, and memorable activities.",sightseeing; local food; cultural tours; river excursions,year-round,medium,culture; sightseeing
Hong Kong,China,"A lively urban destination known for local neighbourhoods, cultural attractions, dining, and opportunities to explore China.",walking tours; museums; local dining; food tasting,spring through fall,medium,city; culture
Taipei,Taiwan,"A destination well suited to travellers interested in regional cuisine, markets, cafés, and local culture.",food tours; markets; local restaurants,spring or fall,medium,food; culture
Taroko Gorge,Taiwan,"A varied travel destination in Taiwan offering culture, scenery, local food, and memorable activities.",sightseeing; local food; cultural tours; scenic viewpoints,spring through fall,medium,culture; sightseeing
Bangkok,Thailand,"A destination well suited to travellers interested in regional cuisine, markets, cafés, and local culture.",food tours; markets; local restaurants,spring or fall,medium,food; culture
Chiang Mai,Thailand,"A varied travel destination in Thailand offering culture, scenery, local food, and memorable activities.",sightseeing; local food; cultural tours; food tasting,spring through fall,medium,culture; sightseeing
Phuket,Thailand,"A beach-focused destination with warm-water activities, coastal scenery, and time for relaxation.",swimming; beach walks; water activities; nightlife,dry season or summer,medium,relaxing; nature
Krabi,Thailand,"A beach-focused destination with warm-water activities, coastal scenery, and time for relaxation.",swimming; beach walks; water activities,dry season or summer,medium,relaxing; nature
Hanoi,Vietnam,"A destination well suited to travellers interested in regional cuisine, markets, cafés, and local culture.",food tours; markets; local restaurants,spring or fall,low,food; culture
Ho Chi Minh City,Vietnam,"A destination well suited to travellers interested in regional cuisine, markets, cafés, and local culture.",food tours; markets; local restaurants,spring or fall,low,food; culture
Ha Long Bay,Vietnam,"A varied travel destination in Vietnam offering culture, scenery, local food, and memorable activities.",sightseeing; local food; cultural tours; scenic viewpoints,year-round,low,culture; sightseeing
Hoi An,Vietnam,"A historically rich destination with important landmarks, architecture, museums, and cultural traditions.",historic sites; museums; guided tours; food tasting,spring or fall,low,history; culture
Luang Prabang,Laos,"A varied travel destination in Laos offering culture, scenery, local food, and memorable activities.",sightseeing; local food; cultural tours; relaxation,year-round,low,culture; sightseeing
Vang Vieng,Laos,"An active-travel destination offering outdoor challenges, scenic landscapes, and memorable excursions.",hiking; guided excursions; outdoor sports; scenic viewpoints,year-round,low,adventure; nature
Siem Reap,Cambodia,"A historically rich destination with important landmarks, architecture, museums, and cultural traditions.",historic sites; museums; guided tours; cultural tours,spring or fall,low,history; culture
Phnom Penh,Cambodia,"A historically rich destination with important landmarks, architecture, museums, and cultural traditions.",historic sites; museums; guided tours; food tasting,spring or fall,low,history; culture
Kuala Lumpur,Malaysia,"A lively urban destination known for local neighbourhoods, cultural attractions, dining, and opportunities to explore Malaysia.",walking tours; museums; local dining; food tasting,spring or fall,medium,city; culture
Penang,Malaysia,"A destination well suited to travellers interested in regional cuisine, markets, cafés, and local culture.",food tours; markets; local restaurants; cultural tours,spring or fall,medium,food; culture
Langkawi,Malaysia,"A beach-focused destination with warm-water activities, coastal scenery, and time for relaxation.",swimming; beach walks; water activities; relaxation,dry season or summer,medium,relaxing; nature
Singapore,Singapore,"A lively urban destination known for local neighbourhoods, cultural attractions, dining, and opportunities to explore Singapore.",walking tours; museums; local dining; food tasting,spring or fall,high,city; culture
Ubud,Indonesia,"A relaxing destination known for wellness activities, nature, local culture, and slower-paced travel.",yoga; spa visits; nature walks; cultural tours,year-round,low,relaxing; nature
Lombok,Indonesia,"A beach-focused destination with warm-water activities, coastal scenery, and time for relaxation.",swimming; beach walks; water activities; hiking,dry season or summer,low,relaxing; nature
Komodo National Park,Indonesia,A nature destination with strong wildlife-viewing opportunities and varied outdoor experiences.,wildlife viewing; guided walks; photography; diving,dry season,low,nature; adventure
Manila,Philippines,"A lively urban destination known for local neighbourhoods, cultural attractions, dining, and opportunities to explore Philippines.",walking tours; museums; local dining; food tasting,spring or fall,low,city; culture
Palawan,Philippines,"A beach-focused destination with warm-water activities, coastal scenery, and time for relaxation.",swimming; beach walks; water activities; diving,dry season or summer,low,relaxing; nature
Cebu,Philippines,"A beach-focused destination with warm-water activities, coastal scenery, and time for relaxation.",swimming; beach walks; water activities; diving,dry season or summer,low,relaxing; nature
Bohol,Philippines,"A nature-focused destination with distinctive landscapes, outdoor activities, and scenic exploration.",hiking; scenic drives; photography; wildlife viewing,dry season,low,nature; adventure
Delhi,India,"A historically rich destination with important landmarks, architecture, museums, and cultural traditions.",historic sites; museums; guided tours; food tasting,spring or fall,low,history; culture
Agra,India,"A historically rich destination with important landmarks, architecture, museums, and cultural traditions.",historic sites; museums; guided tours; cultural tours,spring or fall,low,history; culture
Jaipur,India,"A historically rich destination with important landmarks, architecture, museums, and cultural traditions.",historic sites; museums; guided tours; cultural tours,spring or fall,low,history; culture
Varanasi,India,"A culturally significant destination with sacred sites, historic traditions, and reflective experiences.",sacred sites; cultural tours; museums,spring or fall,low,culture; history
Goa,India,"A beach-focused destination with warm-water activities, coastal scenery, and time for relaxation.",swimming; beach walks; water activities; food tasting,dry season or summer,low,relaxing; nature
Kerala,India,"A varied travel destination in India offering culture, scenery, local food, and memorable activities.",sightseeing; local food; cultural tours; food tasting,year-round,low,culture; sightseeing
Mumbai,India,"A lively urban destination known for local neighbourhoods, cultural attractions, dining, and opportunities to explore India.",walking tours; museums; local dining; food tasting,spring or fall,low,city; culture
Kathmandu,Nepal,"A historically rich destination with important landmarks, architecture, museums, and cultural traditions.",historic sites; museums; guided tours,spring through fall,low,history; culture
Pokhara,Nepal,"A mountain destination with dramatic scenery, outdoor activities, and rewarding viewpoints.",hiking; viewpoints; nature photography,spring through fall,low,adventure; nature
Everest Region,Nepal,"A mountain destination with dramatic scenery, outdoor activities, and rewarding viewpoints.",hiking; viewpoints; nature photography,spring through fall,low,adventure; nature
Thimphu,Bhutan,"A varied travel destination in Bhutan offering culture, scenery, local food, and memorable activities.",sightseeing; local food; cultural tours; relaxation,spring through fall,medium,culture; sightseeing
Paro,Bhutan,"A varied travel destination in Bhutan offering culture, scenery, local food, and memorable activities.",sightseeing; local food; cultural tours,spring through fall,medium,culture; sightseeing
Colombo,Sri Lanka,"A lively urban destination known for local neighbourhoods, cultural attractions, dining, and opportunities to explore Sri Lanka.",walking tours; museums; local dining; food tasting,spring or summer,low,city; culture
Kandy,Sri Lanka,"A varied travel destination in Sri Lanka offering culture, scenery, local food, and memorable activities.",sightseeing; local food; cultural tours,spring or fall,low,culture; sightseeing
Ella,Sri Lanka,"A varied travel destination in Sri Lanka offering culture, scenery, local food, and memorable activities.",sightseeing; local food; cultural tours; scenic viewpoints,spring through fall,low,culture; sightseeing
Maldives,Maldives,"A beach-focused destination with warm-water activities, coastal scenery, and time for relaxation.",swimming; beach walks; water activities; diving,dry season or summer,high,relaxing; nature
Dubai,United Arab Emirates,"A lively urban destination known for local neighbourhoods, cultural attractions, dining, and opportunities to explore United Arab Emirates.",walking tours; museums; local dining,spring or fall,high,city; culture
Muscat,Oman,"A scenic coastal destination offering ocean views, local culture, fresh food, and relaxed outdoor experiences.",coastal walks; local dining; boat trips; cultural tours,spring or summer,medium,relaxing; culture
Vancouver,Canada,"A lively urban destination known for local neighbourhoods, cultural attractions, dining, and opportunities to explore Canada.",walking tours; museums; local dining; food tasting,spring through fall,high,city; culture
Toronto,Canada,"A lively urban destination known for local neighbourhoods, cultural attractions, dining, and opportunities to explore Canada.",walking tours; museums; local dining; food tasting,spring or fall,high,city; culture
Montreal,Canada,"A destination well suited to travellers interested in regional cuisine, markets, cafés, and local culture.",food tours; markets; local restaurants; cultural tours,year-round,high,food; culture
Quebec City,Canada,"A historically rich destination with important landmarks, architecture, museums, and cultural traditions.",historic sites; museums; guided tours; food tasting,spring or fall,high,history; culture
Jasper,Canada,"A mountain destination with dramatic scenery, outdoor activities, and rewarding viewpoints.",hiking; viewpoints; nature photography; wildlife viewing,dry season,high,adventure; nature
Niagara Falls,Canada,"A varied travel destination in Canada offering culture, scenery, local food, and memorable activities.",sightseeing; local food; cultural tours,year-round,high,culture; sightseeing
Calgary,Canada,"A lively urban destination known for local neighbourhoods, cultural attractions, dining, and opportunities to explore Canada.",walking tours; museums; local dining; cultural tours,spring through fall,high,city; culture
Halifax,Canada,"A scenic coastal destination offering ocean views, local culture, fresh food, and relaxed outdoor experiences.",coastal walks; local dining; boat trips; food tasting,spring or summer,high,relaxing; culture
Los Angeles,United States,"A varied travel destination in United States offering culture, scenery, local food, and memorable activities.",sightseeing; local food; cultural tours,dry season or summer,high,culture; sightseeing
San Francisco,United States,"A lively urban destination known for local neighbourhoods, cultural attractions, dining, and opportunities to explore United States.",walking tours; museums; local dining; food tasting,spring or fall,high,city; culture
Chicago,United States,"A varied travel destination in United States offering culture, scenery, local food, and memorable activities.",sightseeing; local food; cultural tours; food tasting,year-round,high,culture; sightseeing
Miami,United States,"A beach-focused destination with warm-water activities, coastal scenery, and time for relaxation.",swimming; beach walks; water activities; nightlife,dry season or summer,high,relaxing; nature
New Orleans,United States,"A varied travel destination in United States offering culture, scenery, local food, and memorable activities.",sightseeing; local food; cultural tours; food tasting,spring or fall,high,culture; sightseeing
Boston,United States,"A historically rich destination with important landmarks, architecture, museums, and cultural traditions.",historic sites; museums; guided tours; museum visits,spring or fall,high,history; culture
Washington DC,United States,"A varied travel destination in United States offering culture, scenery, local food, and memorable activities.",sightseeing; local food; cultural tours,spring or fall,high,culture; sightseeing
Seattle,United States,"A destination well suited to travellers interested in regional cuisine, markets, cafés, and local culture.",food tours; markets; local restaurants,spring or fall,high,food; culture
Las Vegas,United States,"A varied travel destination in United States offering culture, scenery, local food, and memorable activities.",sightseeing; local food; cultural tours; nightlife,spring or fall,high,culture; sightseeing
Yellowstone National Park,United States,A nature destination with strong wildlife-viewing opportunities and varied outdoor experiences.,wildlife viewing; guided walks; photography,dry season,high,nature; adventure
Grand Canyon,United States,"A varied travel destination in United States offering culture, scenery, local food, and memorable activities.",sightseeing; local food; cultural tours; scenic viewpoints,spring through fall,high,culture; sightseeing
Yosemite National Park,United States,"A varied travel destination in United States offering culture, scenery, local food, and memorable activities.",sightseeing; local food; cultural tours,spring through fall,high,culture; sightseeing
Honolulu,United States,"A beach-focused destination with warm-water activities, coastal scenery, and time for relaxation.",swimming; beach walks; water activities; cultural tours,dry season or summer,high,relaxing; nature
Mexico City,Mexico,"A destination well suited to travellers interested in regional cuisine, markets, cafés, and local culture.",food tours; markets; local restaurants; museum visits,spring or fall,medium,food; culture
Cancún,Mexico,"A beach-focused destination with warm-water activities, coastal scenery, and time for relaxation.",swimming; beach walks; water activities; nightlife,dry season or summer,medium,relaxing; nature
Oaxaca,Mexico,"A destination well suited to travellers interested in regional cuisine, markets, cafés, and local culture.",food tours; markets; local restaurants; cultural tours,spring or fall,medium,food; culture
Tulum,Mexico,"A beach-focused destination with warm-water activities, coastal scenery, and time for relaxation.",swimming; beach walks; water activities,dry season or summer,medium,relaxing; nature
Guanajuato,Mexico,"A historically rich destination with important landmarks, architecture, museums, and cultural traditions.",historic sites; museums; guided tours; cultural tours,spring or fall,medium,history; culture
Havana,Cuba,"A historically rich destination with important landmarks, architecture, museums, and cultural traditions.",historic sites; museums; guided tours; live music,spring or fall,medium,history; culture
Varadero,Cuba,"A beach-focused destination with warm-water activities, coastal scenery, and time for relaxation.",swimming; beach walks; water activities; relaxation,dry season or summer,medium,relaxing; nature
San Juan,Puerto Rico,"A historically rich destination with important landmarks, architecture, museums, and cultural traditions.",historic sites; museums; guided tours; food tasting,dry season or summer,medium,history; culture
Nassau,Bahamas,"A beach-focused destination with warm-water activities, coastal scenery, and time for relaxation.",swimming; beach walks; water activities; diving,dry season or summer,medium,relaxing; nature
Montego Bay,Jamaica,"A beach-focused destination with warm-water activities, coastal scenery, and time for relaxation.",swimming; beach walks; water activities; live music,dry season or summer,medium,relaxing; nature
Kingston,Jamaica,"A varied travel destination in Jamaica offering culture, scenery, local food, and memorable activities.",sightseeing; local food; cultural tours; food tasting,year-round,medium,culture; sightseeing
Punta Cana,Dominican Republic,"A beach-focused destination with warm-water activities, coastal scenery, and time for relaxation.",swimming; beach walks; water activities; relaxation,dry season or summer,medium,relaxing; nature
Aruba,Aruba,"A beach-focused destination with warm-water activities, coastal scenery, and time for relaxation.",swimming; beach walks; water activities; diving,dry season or summer,medium,relaxing; nature
Barbados,Barbados,"A beach-focused destination with warm-water activities, coastal scenery, and time for relaxation.",swimming; beach walks; water activities; food tasting,dry season or summer,medium,relaxing; nature
Buenos Aires,Argentina,"A destination well suited to travellers interested in regional cuisine, markets, cafés, and local culture.",food tours; markets; local restaurants; cultural tours,year-round,medium,food; culture
Patagonia,Argentina,"A mountain destination with dramatic scenery, outdoor activities, and rewarding viewpoints.",hiking; viewpoints; nature photography,spring through fall,medium,adventure; nature
Mendoza,Argentina,"A destination well suited to travellers interested in regional cuisine, markets, cafés, and local culture.",food tours; markets; local restaurants,spring through fall,medium,food; culture
Rio de Janeiro,Brazil,"A beach-focused destination with warm-water activities, coastal scenery, and time for relaxation.",swimming; beach walks; water activities; cultural tours,dry season or summer,medium,relaxing; nature
São Paulo,Brazil,"A destination well suited to travellers interested in regional cuisine, markets, cafés, and local culture.",food tours; markets; local restaurants; nightlife,spring or fall,medium,food; culture
Salvador,Brazil,"A varied travel destination in Brazil offering culture, scenery, local food, and memorable activities.",sightseeing; local food; cultural tours; live music,spring or fall,medium,culture; sightseeing
Amazon Rainforest,Brazil,A nature destination with strong wildlife-viewing opportunities and varied outdoor experiences.,wildlife viewing; guided walks; photography,dry season,medium,nature; adventure
Lima,Peru,"A destination well suited to travellers interested in regional cuisine, markets, cafés, and local culture.",food tours; markets; local restaurants,spring or fall,medium,food; culture
Cusco,Peru,"A historically rich destination with important landmarks, architecture, museums, and cultural traditions.",historic sites; museums; guided tours; cultural tours,spring through fall,medium,history; culture
Machu Picchu,Peru,"A historically rich destination with important landmarks, architecture, museums, and cultural traditions.",historic sites; museums; guided tours; hiking,spring through fall,medium,history; culture
Arequipa,Peru,"A historically rich destination with important landmarks, architecture, museums, and cultural traditions.",historic sites; museums; guided tours; food tasting,spring through fall,medium,history; culture
Santiago,Chile,"A lively urban destination known for local neighbourhoods, cultural attractions, dining, and opportunities to explore Chile.",walking tours; museums; local dining; food tasting,spring through fall,medium,city; culture
Atacama Desert,Chile,"A striking desert destination with wide-open landscapes, cultural experiences, and memorable sunsets.",desert tours; stargazing; photography,fall or winter,medium,adventure; culture
Torres del Paine,Chile,"A varied travel destination in Chile offering culture, scenery, local food, and memorable activities.",sightseeing; local food; cultural tours,spring through fall,medium,culture; sightseeing
Cartagena,Colombia,"A historically rich destination with important landmarks, architecture, museums, and cultural traditions.",historic sites; museums; guided tours; food tasting,spring or summer,medium,history; culture
Medellín,Colombia,"A lively urban destination known for local neighbourhoods, cultural attractions, dining, and opportunities to explore Colombia.",walking tours; museums; local dining; cultural tours,spring or fall,medium,city; culture
Bogotá,Colombia,"A varied travel destination in Colombia offering culture, scenery, local food, and memorable activities.",sightseeing; local food; cultural tours; food tasting,spring or fall,medium,culture; sightseeing
Quito,Ecuador,"A historically rich destination with important landmarks, architecture, museums, and cultural traditions.",historic sites; museums; guided tours; cultural tours,spring through fall,medium,history; culture
Galápagos Islands,Ecuador,A nature destination with strong wildlife-viewing opportunities and varied outdoor experiences.,wildlife viewing; guided walks; photography; diving,dry season,medium,nature; adventure
Uyuni Salt Flats,Bolivia,"A varied travel destination in Bolivia offering culture, scenery, local food, and memorable activities.",sightseeing; local food; cultural tours,year-round,low,culture; sightseeing
Sydney,Australia,"A lively urban destination known for local neighbourhoods, cultural attractions, dining, and opportunities to explore Australia.",walking tours; museums; local dining; food tasting,dry season or summer,high,city; culture
Melbourne,Australia,"A destination well suited to travellers interested in regional cuisine, markets, cafés, and local culture.",food tours; markets; local restaurants,spring or fall,high,food; culture
Great Barrier Reef,Australia,"A varied travel destination in Australia offering culture, scenery, local food, and memorable activities.",sightseeing; local food; cultural tours; wildlife viewing,dry season,high,culture; sightseeing
Uluru,Australia,"A varied travel destination in Australia offering culture, scenery, local food, and memorable activities.",sightseeing; local food; cultural tours,fall or winter,high,culture; sightseeing
Tasmania,Australia,"A varied travel destination in Australia offering culture, scenery, local food, and memorable activities.",sightseeing; local food; cultural tours; wildlife viewing,dry season,high,culture; sightseeing
Auckland,New Zealand,"A lively urban destination known for local neighbourhoods, cultural attractions, dining, and opportunities to explore New Zealand.",walking tours; museums; local dining; food tasting,spring or fall,high,city; culture
Rotorua,New Zealand,"A distinctive nature destination featuring geothermal landscapes, outdoor activities, and cultural experiences.",hot springs; nature walks; cultural tours,year-round,high,nature; culture
Milford Sound,New Zealand,"A varied travel destination in New Zealand offering culture, scenery, local food, and memorable activities.",sightseeing; local food; cultural tours,year-round,high,culture; sightseeing
Fiji,Fiji,"A beach-focused destination with warm-water activities, coastal scenery, and time for relaxation.",swimming; beach walks; water activities; diving,dry season or summer,medium,relaxing; nature
Bora Bora,French Polynesia,"A beach-focused destination with warm-water activities, coastal scenery, and time for relaxation.",swimming; beach walks; water activities; relaxation,dry season or summer,high,relaxing; nature
Lagos,Nigeria,"A lively urban destination with neighbourhoods, cultural attractions, local dining, and opportunities to explore the surrounding region.",walking tours; museums; local dining,spring or fall,low,city; culture
Abuja,Nigeria,"A lively urban destination with neighbourhoods, cultural attractions, local dining, and opportunities to explore the surrounding region.",walking tours; museums; local dining,spring or fall,low,city; culture
Calabar,Nigeria,"A culture-focused destination known for local traditions, community life, food, and memorable sightseeing.",cultural tours; markets; local dining,year-round,low,culture; sightseeing
Kano,Nigeria,"A historically rich destination with landmarks, architecture, museums, and strong cultural traditions.",historic sites; museums; guided tours,spring or fall,low,history; culture
Ibadan,Nigeria,"A historically rich destination with landmarks, architecture, museums, and strong cultural traditions.",historic sites; museums; guided tours,spring or fall,low,history; culture
Osogbo,Nigeria,"A creative destination with galleries, architecture, local crafts, and cultural neighbourhoods.",galleries; architecture tours; local crafts,year-round,low,culture; city
Enugu,Nigeria,"A nature-focused destination with distinctive landscapes, outdoor activities, and scenic exploration.",hiking; scenic drives; photography,spring or fall,low,nature; adventure
Abeokuta,Nigeria,"A historically rich destination with landmarks, architecture, museums, and strong cultural traditions.",historic sites; museums; guided tours,spring through fall,low,history; culture
Benin City,Nigeria,"A historically rich destination with landmarks, architecture, museums, and strong cultural traditions.",historic sites; museums; guided tours,spring or fall,low,history; culture
Yankari National Park,Nigeria,"A wildlife destination offering responsible viewing opportunities, natural landscapes, and guided outdoor experiences.",wildlife viewing; guided excursions; photography,dry season,low,nature; adventure
Dakar,Senegal,"A scenic coastal destination offering ocean views, local culture, fresh food, and relaxed outdoor experiences.",coastal walks; local dining; boat trips,spring or summer,low,relaxing; culture
Saint-Louis,Senegal,"A historically rich destination with landmarks, architecture, museums, and strong cultural traditions.",historic sites; museums; guided tours,spring or summer,low,history; culture
Gorée Island,Senegal,"A historically rich destination with landmarks, architecture, museums, and strong cultural traditions.",historic sites; museums; guided tours,spring or summer,low,history; culture
Saloum Delta,Senegal,"A nature-focused destination with distinctive landscapes, outdoor activities, and scenic exploration.",hiking; scenic drives; photography,dry season,low,nature; adventure
Banjul,Gambia,"A scenic coastal destination offering ocean views, local culture, fresh food, and relaxed outdoor experiences.",coastal walks; local dining; boat trips,spring or summer,low,relaxing; culture
Freetown,Sierra Leone,"A beach-focused destination with coastal scenery, water activities, local food, and time for relaxation.",swimming; beach walks; water activities,dry season or summer,low,relaxing; nature
Monrovia,Liberia,"A scenic coastal destination offering ocean views, local culture, fresh food, and relaxed outdoor experiences.",coastal walks; local dining; boat trips,spring or summer,low,relaxing; culture
Abidjan,Côte d'Ivoire,"A lively urban destination with neighbourhoods, cultural attractions, local dining, and opportunities to explore the surrounding region.",walking tours; museums; local dining,spring or fall,medium,city; culture
Grand-Bassam,Côte d'Ivoire,"A historically rich destination with landmarks, architecture, museums, and strong cultural traditions.",historic sites; museums; guided tours,dry season or summer,medium,history; culture
Yamoussoukro,Côte d'Ivoire,"A destination known for distinctive buildings, urban design, history, and cultural sightseeing.",architecture tours; museums; photography,spring or fall,medium,culture; city
Lomé,Togo,"A scenic coastal destination offering ocean views, local culture, fresh food, and relaxed outdoor experiences.",coastal walks; local dining; boat trips,spring or summer,low,relaxing; culture
Kpalimé,Togo,"A nature-focused destination with distinctive landscapes, outdoor activities, and scenic exploration.",hiking; scenic drives; photography,spring through fall,low,nature; adventure
Cotonou,Benin,"A lively urban destination with neighbourhoods, cultural attractions, local dining, and opportunities to explore the surrounding region.",walking tours; museums; local dining,spring or fall,low,city; culture
Ouidah,Benin,"A historically rich destination with landmarks, architecture, museums, and strong cultural traditions.",historic sites; museums; guided tours,spring or summer,low,history; culture
Ganvié,Benin,"A lakeside destination with scenic views, outdoor recreation, and a relaxed atmosphere.",boat trips; lakeside walks; photography,year-round,low,relaxing; nature
Ouagadougou,Burkina Faso,"A lively urban destination with neighbourhoods, cultural attractions, local dining, and opportunities to explore the surrounding region.",walking tours; museums; local dining,spring or fall,low,city; culture
Bamako,Mali,"A lively urban destination with neighbourhoods, cultural attractions, local dining, and opportunities to explore the surrounding region.",walking tours; museums; local dining,spring or fall,low,city; culture
Djenné,Mali,"A historically rich destination with landmarks, architecture, museums, and strong cultural traditions.",historic sites; museums; guided tours,spring or fall,low,history; culture
Timbuktu,Mali,"A historically rich destination with landmarks, architecture, museums, and strong cultural traditions.",historic sites; museums; guided tours,fall or winter,low,history; culture
Conakry,Guinea,"A scenic coastal destination offering ocean views, local culture, fresh food, and relaxed outdoor experiences.",coastal walks; local dining; boat trips,spring or summer,low,relaxing; culture
Bissau,Guinea-Bissau,"A lively urban destination with neighbourhoods, cultural attractions, local dining, and opportunities to explore the surrounding region.",walking tours; museums; local dining,spring or summer,low,city; culture
Bijagós Islands,Guinea-Bissau,"An island destination combining coastal scenery, local communities, water activities, and slower-paced travel.",boat trips; beaches; snorkelling,dry season,low,relaxing; nature
Yaoundé,Cameroon,"A lively urban destination with neighbourhoods, cultural attractions, local dining, and opportunities to explore the surrounding region.",walking tours; museums; local dining,spring or fall,low,city; culture
Douala,Cameroon,"A lively urban destination with neighbourhoods, cultural attractions, local dining, and opportunities to explore the surrounding region.",walking tours; museums; local dining,spring or fall,low,city; culture
Mount Cameroon,Cameroon,"A mountain destination with dramatic scenery, active excursions, and rewarding viewpoints.",hiking; viewpoints; nature photography,spring through fall,low,adventure; nature
Kribi,Cameroon,"A beach-focused destination with coastal scenery, water activities, local food, and time for relaxation.",swimming; beach walks; water activities,dry season or summer,low,relaxing; nature
Libreville,Gabon,"A scenic coastal destination offering ocean views, local culture, fresh food, and relaxed outdoor experiences.",coastal walks; local dining; boat trips,spring or summer,medium,relaxing; culture
Loango National Park,Gabon,"A wildlife destination offering responsible viewing opportunities, natural landscapes, and guided outdoor experiences.",wildlife viewing; guided excursions; photography,dry season,medium,nature; adventure
Brazzaville,Republic of the Congo,"A lively urban destination with neighbourhoods, cultural attractions, local dining, and opportunities to explore the surrounding region.",walking tours; museums; local dining,spring or fall,medium,city; culture
Pointe-Noire,Republic of the Congo,"A scenic coastal destination offering ocean views, local culture, fresh food, and relaxed outdoor experiences.",coastal walks; local dining; boat trips,spring or summer,medium,relaxing; culture
Kinshasa,Democratic Republic of the Congo,"A lively urban destination with neighbourhoods, cultural attractions, local dining, and opportunities to explore the surrounding region.",walking tours; museums; local dining,spring or fall,low,city; culture
Virunga National Park,Democratic Republic of the Congo,"A wildlife destination offering responsible viewing opportunities, natural landscapes, and guided outdoor experiences.",wildlife viewing; guided excursions; photography,dry season,low,nature; adventure
Luanda,Angola,"A scenic coastal destination offering ocean views, local culture, fresh food, and relaxed outdoor experiences.",coastal walks; local dining; boat trips,spring or summer,medium,relaxing; culture
Kalandula Falls,Angola,"A scenic destination centred on waterfalls, outdoor exploration, photography, and surrounding nature.",waterfall walks; hiking; photography,year-round,medium,nature; adventure
São Tomé,São Tomé and Príncipe,"An island destination combining coastal scenery, local communities, water activities, and slower-paced travel.",boat trips; beaches; snorkelling,dry season,medium,relaxing; nature
Príncipe,São Tomé and Príncipe,"An island destination combining coastal scenery, local communities, water activities, and slower-paced travel.",boat trips; beaches; snorkelling,dry season or summer,medium,relaxing; nature
Maseru,Lesotho,"A lively urban destination with neighbourhoods, cultural attractions, local dining, and opportunities to explore the surrounding region.",walking tours; museums; local dining,spring through fall,low,city; culture
Maletsunyane Falls,Lesotho,"A scenic destination centred on waterfalls, outdoor exploration, photography, and surrounding nature.",waterfall walks; hiking; photography,spring through fall,low,nature; adventure
Mbabane,Eswatini,"A lively urban destination with neighbourhoods, cultural attractions, local dining, and opportunities to explore the surrounding region.",walking tours; museums; local dining,spring through fall,medium,city; culture
Mlilwane Wildlife Sanctuary,Eswatini,"A wildlife destination offering responsible viewing opportunities, natural landscapes, and guided outdoor experiences.",wildlife viewing; guided excursions; photography,dry season,medium,nature; adventure
Sofia,Bulgaria,"A lively urban destination with neighbourhoods, cultural attractions, local dining, and opportunities to explore the surrounding region.",walking tours; museums; local dining,spring or fall,low,city; culture
Plovdiv,Bulgaria,"A historically rich destination with landmarks, architecture, museums, and strong cultural traditions.",historic sites; museums; guided tours,spring or fall,low,history; culture
Rila Monastery,Bulgaria,"A culturally significant destination with sacred sites, historic traditions, and reflective experiences.",sacred sites; cultural tours; museums,spring through fall,low,culture; history
Belgrade,Serbia,"A lively urban destination with neighbourhoods, cultural attractions, local dining, and opportunities to explore the surrounding region.",walking tours; museums; local dining,spring or fall,low,city; culture
Novi Sad,Serbia,"A lively destination known for music, nightlife, food, and local cultural traditions.",live music; food tours; cultural venues,spring or fall,low,culture; entertainment
Kotor,Montenegro,"A scenic coastal destination offering ocean views, local culture, fresh food, and relaxed outdoor experiences.",coastal walks; local dining; boat trips,spring or summer,medium,relaxing; culture
Budva,Montenegro,"A beach-focused destination with coastal scenery, water activities, local food, and time for relaxation.",swimming; beach walks; water activities,dry season or summer,medium,relaxing; nature
Sarajevo,Bosnia and Herzegovina,"A historically rich destination with landmarks, architecture, museums, and strong cultural traditions.",historic sites; museums; guided tours,spring or fall,low,history; culture
Mostar,Bosnia and Herzegovina,"A historically rich destination with landmarks, architecture, museums, and strong cultural traditions.",historic sites; museums; guided tours,spring or fall,low,history; culture
Skopje,North Macedonia,"A lively urban destination with neighbourhoods, cultural attractions, local dining, and opportunities to explore the surrounding region.",walking tours; museums; local dining,spring or fall,low,city; culture
Ohrid,North Macedonia,"A lakeside destination with scenic views, outdoor recreation, and a relaxed atmosphere.",boat trips; lakeside walks; photography,spring or fall,low,relaxing; nature
Tirana,Albania,"A lively urban destination with neighbourhoods, cultural attractions, local dining, and opportunities to explore the surrounding region.",walking tours; museums; local dining,spring or fall,low,city; culture
Berat,Albania,"A historically rich destination with landmarks, architecture, museums, and strong cultural traditions.",historic sites; museums; guided tours,spring or fall,low,history; culture
Albanian Riviera,Albania,"A beach-focused destination with coastal scenery, water activities, local food, and time for relaxation.",swimming; beach walks; water activities,dry season or summer,low,relaxing; nature
Pristina,Kosovo,"A lively urban destination with neighbourhoods, cultural attractions, local dining, and opportunities to explore the surrounding region.",walking tours; museums; local dining,spring or fall,medium,city; culture
Bratislava,Slovakia,"A historically rich destination with landmarks, architecture, museums, and strong cultural traditions.",historic sites; museums; guided tours,spring or fall,medium,history; culture
High Tatras,Slovakia,"A mountain destination with dramatic scenery, active excursions, and rewarding viewpoints.",hiking; viewpoints; nature photography,spring through fall,medium,adventure; nature
Český Krumlov,Czech Republic,"A historically rich destination with landmarks, architecture, museums, and strong cultural traditions.",historic sites; museums; guided tours,spring or fall,medium,history; culture
Brno,Czech Republic,"A lively urban destination with neighbourhoods, cultural attractions, local dining, and opportunities to explore the surrounding region.",walking tours; museums; local dining,spring or fall,medium,city; culture
Gdańsk,Poland,"A scenic coastal destination offering ocean views, local culture, fresh food, and relaxed outdoor experiences.",coastal walks; local dining; boat trips,spring or summer,medium,relaxing; culture
Wrocław,Poland,"A destination known for distinctive buildings, urban design, history, and cultural sightseeing.",architecture tours; museums; photography,spring or fall,medium,culture; city
Zakopane,Poland,"A mountain destination with dramatic scenery, active excursions, and rewarding viewpoints.",hiking; viewpoints; nature photography,winter,medium,adventure; nature
Cluj-Napoca,Romania,"A lively urban destination with neighbourhoods, cultural attractions, local dining, and opportunities to explore the surrounding region.",walking tours; museums; local dining,spring or fall,low,city; culture
Brașov,Romania,"A historically rich destination with landmarks, architecture, museums, and strong cultural traditions.",historic sites; museums; guided tours,spring through fall,low,history; culture
Transylvania,Romania,"A historically rich destination with landmarks, architecture, museums, and strong cultural traditions.",historic sites; museums; guided tours,spring or fall,low,history; culture
Chișinău,Moldova,"A lively urban destination with neighbourhoods, cultural attractions, local dining, and opportunities to explore the surrounding region.",walking tours; museums; local dining,spring or fall,low,city; culture
Tbilisi,Georgia,"A destination well suited to travellers interested in regional cuisine, markets, cafés, and local culture.",food tours; markets; local restaurants,spring or fall,low,food; culture
Batumi,Georgia,"A scenic coastal destination offering ocean views, local culture, fresh food, and relaxed outdoor experiences.",coastal walks; local dining; boat trips,spring or summer,low,relaxing; culture
Kazbegi,Georgia,"A mountain destination with dramatic scenery, active excursions, and rewarding viewpoints.",hiking; viewpoints; nature photography,spring through fall,low,adventure; nature
Yerevan,Armenia,"A historically rich destination with landmarks, architecture, museums, and strong cultural traditions.",historic sites; museums; guided tours,spring or fall,medium,history; culture
Lake Sevan,Armenia,"A lakeside destination with scenic views, outdoor recreation, and a relaxed atmosphere.",boat trips; lakeside walks; photography,year-round,medium,relaxing; nature
Baku,Azerbaijan,"A lively urban destination with neighbourhoods, cultural attractions, local dining, and opportunities to explore the surrounding region.",walking tours; museums; local dining,spring or fall,medium,city; culture
Sheki,Azerbaijan,"A historically rich destination with landmarks, architecture, museums, and strong cultural traditions.",historic sites; museums; guided tours,spring through fall,medium,history; culture
Istanbul,Türkiye,"A historically rich destination with landmarks, architecture, museums, and strong cultural traditions.",historic sites; museums; guided tours,spring or fall,medium,history; culture
Cappadocia,Türkiye,"A visually striking destination with memorable landscapes, viewpoints, and photography opportunities.",viewpoints; photography; nature walks,spring or fall,medium,nature; relaxing
Antalya,Türkiye,"A beach-focused destination with coastal scenery, water activities, local food, and time for relaxation.",swimming; beach walks; water activities,dry season or summer,medium,relaxing; nature
Ephesus,Türkiye,"A historically rich destination with landmarks, architecture, museums, and strong cultural traditions.",historic sites; museums; guided tours,spring or fall,medium,history; culture
Nicosia,Cyprus,"A historically rich destination with landmarks, architecture, museums, and strong cultural traditions.",historic sites; museums; guided tours,spring or fall,medium,history; culture
Paphos,Cyprus,"A scenic coastal destination offering ocean views, local culture, fresh food, and relaxed outdoor experiences.",coastal walks; local dining; boat trips,spring or summer,medium,relaxing; culture
Valletta,Malta,"A historically rich destination with landmarks, architecture, museums, and strong cultural traditions.",historic sites; museums; guided tours,spring or summer,medium,history; culture
Gozo,Malta,"An island destination combining coastal scenery, local communities, water activities, and slower-paced travel.",boat trips; beaches; snorkelling,dry season,medium,relaxing; nature
Luxembourg City,Luxembourg,"A lively urban destination with neighbourhoods, cultural attractions, local dining, and opportunities to explore the surrounding region.",walking tours; museums; local dining,spring or fall,high,city; culture
Vaduz,Liechtenstein,"A mountain destination with dramatic scenery, active excursions, and rewarding viewpoints.",hiking; viewpoints; nature photography,spring through fall,high,adventure; nature
Monaco,Monaco,"A varied destination in Monaco offering culture, scenery, local food, and memorable activities.",sightseeing; local food; cultural tours,spring or summer,high,culture; sightseeing
Andorra la Vella,Andorra,"A mountain destination with dramatic scenery, active excursions, and rewarding viewpoints.",hiking; viewpoints; nature photography,winter,medium,adventure; nature
San Marino,San Marino,"A historically rich destination with landmarks, architecture, museums, and strong cultural traditions.",historic sites; museums; guided tours,spring or fall,medium,history; culture
Sibiu,Romania,"A historically rich destination with landmarks, architecture, museums, and strong cultural traditions.",historic sites; museums; guided tours,spring or fall,low,history; culture
Pécs,Hungary,"A historically rich destination with landmarks, architecture, museums, and strong cultural traditions.",historic sites; museums; guided tours,spring or fall,medium,history; culture
Innsbruck,Austria,"A mountain destination with dramatic scenery, active excursions, and rewarding viewpoints.",hiking; viewpoints; nature photography,winter,high,adventure; nature
Hallstatt,Austria,"A lakeside destination with scenic views, outdoor recreation, and a relaxed atmosphere.",boat trips; lakeside walks; photography,year-round,high,relaxing; nature
Samarkand,Uzbekistan,"A historically rich destination with landmarks, architecture, museums, and strong cultural traditions.",historic sites; museums; guided tours,spring or fall,low,history; culture
Bukhara,Uzbekistan,"A historically rich destination with landmarks, architecture, museums, and strong cultural traditions.",historic sites; museums; guided tours,spring or fall,low,history; culture
Khiva,Uzbekistan,"A historically rich destination with landmarks, architecture, museums, and strong cultural traditions.",historic sites; museums; guided tours,spring or fall,low,history; culture
Tashkent,Uzbekistan,"A lively urban destination with neighbourhoods, cultural attractions, local dining, and opportunities to explore the surrounding region.",walking tours; museums; local dining,spring or fall,low,city; culture
Almaty,Kazakhstan,"A lively urban destination with neighbourhoods, cultural attractions, local dining, and opportunities to explore the surrounding region.",walking tours; museums; local dining,spring through fall,medium,city; culture
Astana,Kazakhstan,"A destination known for distinctive buildings, urban design, history, and cultural sightseeing.",architecture tours; museums; photography,spring or fall,medium,culture; city
Charyn Canyon,Kazakhstan,"A nature-focused destination with distinctive landscapes, outdoor activities, and scenic exploration.",hiking; scenic drives; photography,spring through fall,medium,nature; adventure
Bishkek,Kyrgyzstan,"A lively urban destination with neighbourhoods, cultural attractions, local dining, and opportunities to explore the surrounding region.",walking tours; museums; local dining,spring through fall,low,city; culture
Issyk-Kul,Kyrgyzstan,"A lakeside destination with scenic views, outdoor recreation, and a relaxed atmosphere.",boat trips; lakeside walks; photography,spring through fall,low,relaxing; nature
Song-Kul,Kyrgyzstan,"A lakeside destination with scenic views, outdoor recreation, and a relaxed atmosphere.",boat trips; lakeside walks; photography,year-round,low,relaxing; nature
Dushanbe,Tajikistan,"A lively urban destination with neighbourhoods, cultural attractions, local dining, and opportunities to explore the surrounding region.",walking tours; museums; local dining,spring through fall,low,city; culture
Pamir Highway,Tajikistan,"A scenic region suited to road trips, viewpoints, local communities, and flexible outdoor exploration.",scenic drives; viewpoints; local stops,spring through fall,low,adventure; nature
Ashgabat,Turkmenistan,"A destination known for distinctive buildings, urban design, history, and cultural sightseeing.",architecture tours; museums; photography,spring or fall,medium,culture; city
Ulaanbaatar,Mongolia,"A lively urban destination with neighbourhoods, cultural attractions, local dining, and opportunities to explore the surrounding region.",walking tours; museums; local dining,spring or fall,low,city; culture
Gobi Desert,Mongolia,"A varied destination in Mongolia offering culture, scenery, local food, and memorable activities.",sightseeing; local food; cultural tours,fall or winter,low,culture; sightseeing
Karakorum,Mongolia,"A historically rich destination with landmarks, architecture, museums, and strong cultural traditions.",historic sites; museums; guided tours,spring or fall,low,history; culture
Dhaka,Bangladesh,"A lively urban destination with neighbourhoods, cultural attractions, local dining, and opportunities to explore the surrounding region.",walking tours; museums; local dining,spring or fall,low,city; culture
Sundarbans,Bangladesh,"A wildlife destination offering responsible viewing opportunities, natural landscapes, and guided outdoor experiences.",wildlife viewing; guided excursions; photography,dry season,low,nature; adventure
Chittagong,Bangladesh,"A scenic coastal destination offering ocean views, local culture, fresh food, and relaxed outdoor experiences.",coastal walks; local dining; boat trips,spring or summer,low,relaxing; culture
Cox's Bazar,Bangladesh,"A beach-focused destination with coastal scenery, water activities, local food, and time for relaxation.",swimming; beach walks; water activities,dry season or summer,low,relaxing; nature
Islamabad,Pakistan,"A lively urban destination with neighbourhoods, cultural attractions, local dining, and opportunities to explore the surrounding region.",walking tours; museums; local dining,spring through fall,low,city; culture
Lahore,Pakistan,"A historically rich destination with landmarks, architecture, museums, and strong cultural traditions.",historic sites; museums; guided tours,spring or fall,low,history; culture
Karachi,Pakistan,"A lively urban destination with neighbourhoods, cultural attractions, local dining, and opportunities to explore the surrounding region.",walking tours; museums; local dining,spring or summer,low,city; culture
Hunza Valley,Pakistan,"A mountain destination with dramatic scenery, active excursions, and rewarding viewpoints.",hiking; viewpoints; nature photography,spring through fall,low,adventure; nature
Skardu,Pakistan,"A mountain destination with dramatic scenery, active excursions, and rewarding viewpoints.",hiking; viewpoints; nature photography,spring through fall,low,adventure; nature
Male,Maldives,"A lively urban destination with neighbourhoods, cultural attractions, local dining, and opportunities to explore the surrounding region.",walking tours; museums; local dining,spring or summer,medium,city; culture
Galle,Sri Lanka,"A historically rich destination with landmarks, architecture, museums, and strong cultural traditions.",historic sites; museums; guided tours,spring or summer,low,history; culture
Sigiriya,Sri Lanka,"A historically rich destination with landmarks, architecture, museums, and strong cultural traditions.",historic sites; museums; guided tours,spring through fall,low,history; culture
Yala National Park,Sri Lanka,"A wildlife destination offering responsible viewing opportunities, natural landscapes, and guided outdoor experiences.",wildlife viewing; guided excursions; photography,dry season,low,nature; adventure
Bandar Seri Begawan,Brunei,"A lively urban destination with neighbourhoods, cultural attractions, local dining, and opportunities to explore the surrounding region.",walking tours; museums; local dining,spring or fall,medium,city; culture
Dili,Timor-Leste,"A scenic coastal destination offering ocean views, local culture, fresh food, and relaxed outdoor experiences.",coastal walks; local dining; boat trips,spring or summer,medium,relaxing; culture
Yangon,Myanmar,"A historically rich destination with landmarks, architecture, museums, and strong cultural traditions.",historic sites; museums; guided tours,spring or fall,medium,history; culture
Bagan,Myanmar,"A historically rich destination with landmarks, architecture, museums, and strong cultural traditions.",historic sites; museums; guided tours,spring or fall,medium,history; culture
Mandalay,Myanmar,"A historically rich destination with landmarks, architecture, museums, and strong cultural traditions.",historic sites; museums; guided tours,spring or fall,medium,history; culture
Boracay,Philippines,"A beach-focused destination with coastal scenery, water activities, local food, and time for relaxation.",swimming; beach walks; water activities,dry season or summer,low,relaxing; nature
Siargao,Philippines,"A varied destination in Philippines offering culture, scenery, local food, and memorable activities.",sightseeing; local food; cultural tours,dry season or summer,low,culture; sightseeing
Sagada,Philippines,"A mountain destination with dramatic scenery, active excursions, and rewarding viewpoints.",hiking; viewpoints; nature photography,spring through fall,low,adventure; nature
Da Nang,Vietnam,"A beach-focused destination with coastal scenery, water activities, local food, and time for relaxation.",swimming; beach walks; water activities,dry season or summer,low,relaxing; nature
Sapa,Vietnam,"A mountain destination with dramatic scenery, active excursions, and rewarding viewpoints.",hiking; viewpoints; nature photography,spring through fall,low,adventure; nature
Ninh Binh,Vietnam,"A visually striking destination with memorable landscapes, viewpoints, and photography opportunities.",viewpoints; photography; nature walks,spring or fall,low,nature; relaxing
Koh Samui,Thailand,"A beach-focused destination with coastal scenery, water activities, local food, and time for relaxation.",swimming; beach walks; water activities,dry season or summer,medium,relaxing; nature
Ayutthaya,Thailand,"A historically rich destination with landmarks, architecture, museums, and strong cultural traditions.",historic sites; museums; guided tours,spring or fall,medium,history; culture
Pai,Thailand,"A mountain destination with dramatic scenery, active excursions, and rewarding viewpoints.",hiking; viewpoints; nature photography,spring through fall,medium,adventure; nature
George Town,Malaysia,"A destination well suited to travellers interested in regional cuisine, markets, cafés, and local culture.",food tours; markets; local restaurants,spring or fall,medium,food; culture
Kota Kinabalu,Malaysia,"A mountain destination with dramatic scenery, active excursions, and rewarding viewpoints.",hiking; viewpoints; nature photography,dry season,medium,adventure; nature
Taman Negara,Malaysia,"A varied destination in Malaysia offering culture, scenery, local food, and memorable activities.",sightseeing; local food; cultural tours,dry season,medium,culture; sightseeing
Bandung,Indonesia,"A destination well suited to travellers interested in regional cuisine, markets, cafés, and local culture.",food tours; markets; local restaurants,spring through fall,low,food; culture
Yogyakarta,Indonesia,"A historically rich destination with landmarks, architecture, museums, and strong cultural traditions.",historic sites; museums; guided tours,spring or fall,low,history; culture
Raja Ampat,Indonesia,"A marine destination known for diving, snorkelling, coastal scenery, and aquatic wildlife.",diving; snorkelling; boat trips,dry season,low,adventure; nature
Jerusalem,Israel,"A historically rich destination with landmarks, architecture, museums, and strong cultural traditions.",historic sites; museums; guided tours,spring or fall,high,history; culture
Tel Aviv,Israel,"A beach-focused destination with coastal scenery, water activities, local food, and time for relaxation.",swimming; beach walks; water activities,dry season or summer,high,relaxing; nature
Petra,Jordan,"A historically rich destination with landmarks, architecture, museums, and strong cultural traditions.",historic sites; museums; guided tours,spring or fall,medium,history; culture
Wadi Rum,Jordan,"A varied destination in Jordan offering culture, scenery, local food, and memorable activities.",sightseeing; local food; cultural tours,fall or winter,medium,culture; sightseeing
Amman,Jordan,"A historically rich destination with landmarks, architecture, museums, and strong cultural traditions.",historic sites; museums; guided tours,spring or fall,medium,history; culture
Beirut,Lebanon,"A destination well suited to travellers interested in regional cuisine, markets, cafés, and local culture.",food tours; markets; local restaurants,spring or fall,medium,food; culture
Byblos,Lebanon,"A historically rich destination with landmarks, architecture, museums, and strong cultural traditions.",historic sites; museums; guided tours,spring or summer,medium,history; culture
Doha,Qatar,"A lively urban destination with neighbourhoods, cultural attractions, local dining, and opportunities to explore the surrounding region.",walking tours; museums; local dining,spring or fall,high,city; culture
Manama,Bahrain,"A lively urban destination with neighbourhoods, cultural attractions, local dining, and opportunities to explore the surrounding region.",walking tours; museums; local dining,spring or fall,high,city; culture
Kuwait City,Kuwait,"A lively urban destination with neighbourhoods, cultural attractions, local dining, and opportunities to explore the surrounding region.",walking tours; museums; local dining,spring or fall,high,city; culture
Salalah,Oman,"A scenic coastal destination offering ocean views, local culture, fresh food, and relaxed outdoor experiences.",coastal walks; local dining; boat trips,spring or summer,medium,relaxing; culture
Ottawa,Canada,"A lively urban destination with neighbourhoods, cultural attractions, local dining, and opportunities to explore the surrounding region.",walking tours; museums; local dining,spring or fall,high,city; culture
Victoria,Canada,"A scenic coastal destination offering ocean views, local culture, fresh food, and relaxed outdoor experiences.",coastal walks; local dining; boat trips,spring or summer,high,relaxing; culture
Whistler,Canada,"A mountain destination with dramatic scenery, active excursions, and rewarding viewpoints.",hiking; viewpoints; nature photography,winter,high,adventure; nature
Kelowna,Canada,"A lakeside destination with scenic views, outdoor recreation, and a relaxed atmosphere.",boat trips; lakeside walks; photography,year-round,high,relaxing; nature
St. John's,Canada,"A scenic coastal destination offering ocean views, local culture, fresh food, and relaxed outdoor experiences.",coastal walks; local dining; boat trips,spring or summer,high,relaxing; culture
Charlottetown,Canada,"A historically rich destination with landmarks, architecture, museums, and strong cultural traditions.",historic sites; museums; guided tours,spring or summer,high,history; culture
Whitehorse,Canada,"A varied destination in Canada offering culture, scenery, local food, and memorable activities.",sightseeing; local food; cultural tours,winter,high,culture; sightseeing
Iqaluit,Canada,"A culture-focused destination known for local traditions, community life, food, and memorable sightseeing.",cultural tours; markets; local dining,year-round,high,culture; sightseeing
Portland,United States,"A destination well suited to travellers interested in regional cuisine, markets, cafés, and local culture.",food tours; markets; local restaurants,spring or fall,high,food; culture
Austin,United States,"A lively destination known for music, nightlife, food, and local cultural traditions.",live music; food tours; cultural venues,spring or fall,high,culture; entertainment
Nashville,United States,"A lively destination known for music, nightlife, food, and local cultural traditions.",live music; food tours; cultural venues,year-round,high,culture; entertainment
Denver,United States,"A lively urban destination with neighbourhoods, cultural attractions, local dining, and opportunities to explore the surrounding region.",walking tours; museums; local dining,spring through fall,high,city; culture
Savannah,United States,"A historically rich destination with landmarks, architecture, museums, and strong cultural traditions.",historic sites; museums; guided tours,spring or fall,high,history; culture
Charleston,United States,"A historically rich destination with landmarks, architecture, museums, and strong cultural traditions.",historic sites; museums; guided tours,spring or summer,high,history; culture
San Diego,United States,"A beach-focused destination with coastal scenery, water activities, local food, and time for relaxation.",swimming; beach walks; water activities,dry season or summer,high,relaxing; nature
Orlando,United States,"A varied destination in United States offering culture, scenery, local food, and memorable activities.",sightseeing; local food; cultural tours,spring or fall,high,culture; sightseeing
Philadelphia,United States,"A historically rich destination with landmarks, architecture, museums, and strong cultural traditions.",historic sites; museums; guided tours,spring or fall,high,history; culture
Anchorage,United States,"A nature-focused destination with distinctive landscapes, outdoor activities, and scenic exploration.",hiking; scenic drives; photography,dry season,high,nature; adventure
Denali National Park,United States,"A mountain destination with dramatic scenery, active excursions, and rewarding viewpoints.",hiking; viewpoints; nature photography,dry season,high,adventure; nature
Zion National Park,United States,"A varied destination in United States offering culture, scenery, local food, and memorable activities.",sightseeing; local food; cultural tours,spring through fall,high,culture; sightseeing
Puerto Vallarta,Mexico,"A beach-focused destination with coastal scenery, water activities, local food, and time for relaxation.",swimming; beach walks; water activities,dry season or summer,medium,relaxing; nature
Mérida,Mexico,"A historically rich destination with landmarks, architecture, museums, and strong cultural traditions.",historic sites; museums; guided tours,spring or fall,medium,history; culture
San Miguel de Allende,Mexico,"A creative destination with galleries, architecture, local crafts, and cultural neighbourhoods.",galleries; architecture tours; local crafts,spring or fall,medium,culture; city
Chichén Itzá,Mexico,"A historically rich destination with landmarks, architecture, museums, and strong cultural traditions.",historic sites; museums; guided tours,spring or fall,medium,history; culture
Belize City,Belize,"A lively urban destination with neighbourhoods, cultural attractions, local dining, and opportunities to explore the surrounding region.",walking tours; museums; local dining,spring or summer,medium,city; culture
Ambergris Caye,Belize,"A marine destination known for diving, snorkelling, coastal scenery, and aquatic wildlife.",diving; snorkelling; boat trips,dry season or summer,medium,adventure; nature
Guatemala City,Guatemala,"A lively urban destination with neighbourhoods, cultural attractions, local dining, and opportunities to explore the surrounding region.",walking tours; museums; local dining,spring or fall,medium,city; culture
Antigua Guatemala,Guatemala,"A historically rich destination with landmarks, architecture, museums, and strong cultural traditions.",historic sites; museums; guided tours,spring or fall,medium,history; culture
Lake Atitlán,Guatemala,"A lakeside destination with scenic views, outdoor recreation, and a relaxed atmosphere.",boat trips; lakeside walks; photography,year-round,medium,relaxing; nature
Roatán,Honduras,"A marine destination known for diving, snorkelling, coastal scenery, and aquatic wildlife.",diving; snorkelling; boat trips,dry season or summer,medium,adventure; nature
León,Nicaragua,"A historically rich destination with landmarks, architecture, museums, and strong cultural traditions.",historic sites; museums; guided tours,spring or fall,medium,history; culture
Panama City,Panama,"A lively urban destination with neighbourhoods, cultural attractions, local dining, and opportunities to explore the surrounding region.",walking tours; museums; local dining,spring or fall,medium,city; culture
Bocas del Toro,Panama,"An island destination combining coastal scenery, local communities, water activities, and slower-paced travel.",boat trips; beaches; snorkelling,dry season or summer,medium,relaxing; nature
Roseau,Dominica,"A nature-focused destination with distinctive landscapes, outdoor activities, and scenic exploration.",hiking; scenic drives; photography,year-round,medium,nature; adventure
St. George's,Grenada,"A scenic coastal destination offering ocean views, local culture, fresh food, and relaxed outdoor experiences.",coastal walks; local dining; boat trips,spring or summer,medium,relaxing; culture
Montevideo,Uruguay,"A scenic coastal destination offering ocean views, local culture, fresh food, and relaxed outdoor experiences.",coastal walks; local dining; boat trips,spring or summer,medium,relaxing; culture
Colonia del Sacramento,Uruguay,"A historically rich destination with landmarks, architecture, museums, and strong cultural traditions.",historic sites; museums; guided tours,spring or summer,medium,history; culture
Punta del Este,Uruguay,"A beach-focused destination with coastal scenery, water activities, local food, and time for relaxation.",swimming; beach walks; water activities,dry season or summer,medium,relaxing; nature
Asunción,Paraguay,"A lively urban destination with neighbourhoods, cultural attractions, local dining, and opportunities to explore the surrounding region.",walking tours; museums; local dining,spring or fall,low,city; culture
Encarnación,Paraguay,"A historically rich destination with landmarks, architecture, museums, and strong cultural traditions.",historic sites; museums; guided tours,spring or fall,low,history; culture
La Paz,Bolivia,"A mountain destination with dramatic scenery, active excursions, and rewarding viewpoints.",hiking; viewpoints; nature photography,spring through fall,low,adventure; nature
Sucre,Bolivia,"A historically rich destination with landmarks, architecture, museums, and strong cultural traditions.",historic sites; museums; guided tours,spring or fall,low,history; culture
Potosí,Bolivia,"A historically rich destination with landmarks, architecture, museums, and strong cultural traditions.",historic sites; museums; guided tours,spring through fall,low,history; culture
Guayaquil,Ecuador,"A lively urban destination with neighbourhoods, cultural attractions, local dining, and opportunities to explore the surrounding region.",walking tours; museums; local dining,spring or summer,medium,city; culture
Cuenca,Ecuador,"A historically rich destination with landmarks, architecture, museums, and strong cultural traditions.",historic sites; museums; guided tours,spring or fall,medium,history; culture
Baños,Ecuador,"An active-travel destination offering outdoor challenges, scenic landscapes, and memorable excursions.",hiking; guided excursions; outdoor sports,year-round,medium,adventure; nature
Cali,Colombia,"A lively destination known for music, nightlife, food, and local cultural traditions.",live music; food tours; cultural venues,spring or fall,medium,culture; entertainment
Coffee Triangle,Colombia,"A destination well suited to travellers interested in regional cuisine, markets, cafés, and local culture.",food tours; markets; local restaurants,year-round,medium,food; culture
Santa Marta,Colombia,"A scenic coastal destination offering ocean views, local culture, fresh food, and relaxed outdoor experiences.",coastal walks; local dining; boat trips,spring or summer,medium,relaxing; culture
Georgetown,Guyana,"A lively urban destination with neighbourhoods, cultural attractions, local dining, and opportunities to explore the surrounding region.",walking tours; museums; local dining,spring or fall,medium,city; culture
Kaieteur Falls,Guyana,"A scenic destination centred on waterfalls, outdoor exploration, photography, and surrounding nature.",waterfall walks; hiking; photography,year-round,medium,nature; adventure
Paramaribo,Suriname,"A historically rich destination with landmarks, architecture, museums, and strong cultural traditions.",historic sites; museums; guided tours,spring or fall,medium,history; culture
Cayenne,French Guiana,"A lively urban destination with neighbourhoods, cultural attractions, local dining, and opportunities to explore the surrounding region.",walking tours; museums; local dining,spring or fall,medium,city; culture
Recife,Brazil,"A beach-focused destination with coastal scenery, water activities, local food, and time for relaxation.",swimming; beach walks; water activities,dry season or summer,medium,relaxing; nature
Florianópolis,Brazil,"A beach-focused destination with coastal scenery, water activities, local food, and time for relaxation.",swimming; beach walks; water activities,dry season or summer,medium,relaxing; nature
Foz do Iguaçu,Brazil,"A scenic destination centred on waterfalls, outdoor exploration, photography, and surrounding nature.",waterfall walks; hiking; photography,year-round,medium,nature; adventure
Manaus,Brazil,"A lively urban destination with neighbourhoods, cultural attractions, local dining, and opportunities to explore the surrounding region.",walking tours; museums; local dining,spring or fall,medium,city; culture
Paraty,Brazil,"A historically rich destination with landmarks, architecture, museums, and strong cultural traditions.",historic sites; museums; guided tours,spring or summer,medium,history; culture
Valparaíso,Chile,"A creative destination with galleries, architecture, local crafts, and cultural neighbourhoods.",galleries; architecture tours; local crafts,spring or summer,medium,culture; city
Easter Island,Chile,"A historically rich destination with landmarks, architecture, museums, and strong cultural traditions.",historic sites; museums; guided tours,spring or fall,medium,history; culture
El Calafate,Argentina,"A varied destination in Argentina offering culture, scenery, local food, and memorable activities.",sightseeing; local food; cultural tours,year-round,medium,culture; sightseeing
Ushuaia,Argentina,"An active-travel destination offering outdoor challenges, scenic landscapes, and memorable excursions.",hiking; guided excursions; outdoor sports,spring or summer,medium,adventure; nature
Bariloche,Argentina,"A mountain destination with dramatic scenery, active excursions, and rewarding viewpoints.",hiking; viewpoints; nature photography,spring through fall,medium,adventure; nature
Brisbane,Australia,"A lively urban destination with neighbourhoods, cultural attractions, local dining, and opportunities to explore the surrounding region.",walking tours; museums; local dining,spring or summer,high,city; culture
Perth,Australia,"A beach-focused destination with coastal scenery, water activities, local food, and time for relaxation.",swimming; beach walks; water activities,dry season or summer,high,relaxing; nature
Adelaide,Australia,"A destination well suited to travellers interested in regional cuisine, markets, cafés, and local culture.",food tours; markets; local restaurants,spring or fall,high,food; culture
Cairns,Australia,"A marine destination known for diving, snorkelling, coastal scenery, and aquatic wildlife.",diving; snorkelling; boat trips,spring or fall,high,adventure; nature
Gold Coast,Australia,"A beach-focused destination with coastal scenery, water activities, local food, and time for relaxation.",swimming; beach walks; water activities,dry season or summer,high,relaxing; nature
Darwin,Australia,"A nature-focused destination with distinctive landscapes, outdoor activities, and scenic exploration.",hiking; scenic drives; photography,year-round,high,nature; adventure
Kangaroo Island,Australia,"A wildlife destination offering responsible viewing opportunities, natural landscapes, and guided outdoor experiences.",wildlife viewing; guided excursions; photography,dry season,high,nature; adventure
Blue Mountains,Australia,"A varied destination in Australia offering culture, scenery, local food, and memorable activities.",sightseeing; local food; cultural tours,spring through fall,high,culture; sightseeing
Canberra,Australia,"A varied destination in Australia offering culture, scenery, local food, and memorable activities.",sightseeing; local food; cultural tours,spring or fall,high,culture; sightseeing
Wellington,New Zealand,"A destination well suited to travellers interested in regional cuisine, markets, cafés, and local culture.",food tours; markets; local restaurants,spring or fall,high,food; culture
Christchurch,New Zealand,"A lively urban destination with neighbourhoods, cultural attractions, local dining, and opportunities to explore the surrounding region.",walking tours; museums; local dining,spring or fall,high,city; culture
Bay of Islands,New Zealand,"A scenic coastal destination offering ocean views, local culture, fresh food, and relaxed outdoor experiences.",coastal walks; local dining; boat trips,spring or summer,high,relaxing; culture
Taupō,New Zealand,"A lakeside destination with scenic views, outdoor recreation, and a relaxed atmosphere.",boat trips; lakeside walks; photography,year-round,high,relaxing; nature
Dunedin,New Zealand,"A wildlife destination offering responsible viewing opportunities, natural landscapes, and guided outdoor experiences.",wildlife viewing; guided excursions; photography,dry season,high,nature; adventure
Suva,Fiji,"A lively urban destination with neighbourhoods, cultural attractions, local dining, and opportunities to explore the surrounding region.",walking tours; museums; local dining,spring or fall,medium,city; culture
Nadi,Fiji,"A beach-focused destination with coastal scenery, water activities, local food, and time for relaxation.",swimming; beach walks; water activities,dry season or summer,medium,relaxing; nature
Apia,Samoa,"A culture-focused destination known for local traditions, community life, food, and memorable sightseeing.",cultural tours; markets; local dining,dry season or summer,medium,culture; sightseeing
Tonga,Tonga,"An island destination combining coastal scenery, local communities, water activities, and slower-paced travel.",boat trips; beaches; snorkelling,dry season,medium,relaxing; nature
Port Vila,Vanuatu,"An island destination combining coastal scenery, local communities, water activities, and slower-paced travel.",boat trips; beaches; snorkelling,dry season,medium,relaxing; nature
Nouméa,New Caledonia,"A beach-focused destination with coastal scenery, water activities, local food, and time for relaxation.",swimming; beach walks; water activities,dry season or summer,high,relaxing; nature
Rarotonga,Cook Islands,"A beach-focused destination with coastal scenery, water activities, local food, and time for relaxation.",swimming; beach walks; water activities,dry season or summer,medium,relaxing; nature
Papeete,French Polynesia,"A lively urban destination with neighbourhoods, cultural attractions, local dining, and opportunities to explore the surrounding region.",walking tours; museums; local dining,dry season,high,city; culture
Palau,Palau,"A marine destination known for diving, snorkelling, coastal scenery, and aquatic wildlife.",diving; snorkelling; boat trips,dry season,high,adventure; nature
Guam,Guam,"A beach-focused destination with coastal scenery, water activities, local food, and time for relaxation.",swimming; beach walks; water activities,dry season or summer,medium,relaxing; nature
Saipan,Northern Mariana Islands,"A beach-focused destination with coastal scenery, water activities, local food, and time for relaxation.",swimming; beach walks; water activities,dry season or summer,medium,relaxing; nature
